"","X.","Player","Club","Po","GP","YC","YCG","RC","RCG","SC","C1H","C2H","F","OF","season"
"1","1st","Michal Hubník","","F",19,4,"0,2",2,"0,1",611,2,4,0,0,2010
"2","2nd","Richard Dostálek","","M",27,5,"0,2",1,"0,0",887,1,5,0,0,2010
"3","3rd","Miroslav Obermajer","","D",6,2,"0,3",1,"0,2",230,2,1,0,0,2010
"4","4th","Marek Kincl","","F",20,7,"0,4",1,"0,1",269,3,5,0,0,2010
"5","5th","David Zoubek","","D",27,2,"0,1",1,"0,0",1016,1,2,0,0,2010
"6","6th","Jiří Kaufman","","M",24,2,"0,1",1,"0,0",662,0,3,0,0,2010
"7","7th","Jiří Rychlík","","D",28,6,"0,2",1,"0,0",571,2,5,0,0,2010
"8","8th","Vít Turtenwald","","D",13,3,"0,2",1,"0,1",545,3,1,0,0,2010
"9","9th","Adrian Rolko","MBL","D",23,8,"0,3",1,"0,0",538,2,7,0,0,2010
"10","10th","Lukáš Hartig","","F",18,6,"0,3",1,"0,1",402,3,4,0,0,2010
"11","11th","Vlastimil Vidlička","","D",27,5,"0,2",1,"0,0",815,1,5,0,0,2010
"12","12th","David Bystroň","","D",24,5,"0,2",1,"0,0",1019,1,5,0,0,2010
"13","13th","Roman Dobeš","","M",24,3,"0,1",1,"0,0",833,0,4,0,0,2010
"14","14th","Aleš Škerle","","D",23,6,"0,3",1,"0,0",661,4,3,0,0,2010
"15","15th","František Rajtoral","","D",29,3,"0,1",1,"0,0",1277,2,2,0,0,2010
"16","16th","David Brunclík","","M",5,2,"0,4",1,"0,2",182,0,3,0,0,2010
"17","17th","Daniel Huňa","","F",24,4,"0,2",1,"0,0",1035,0,5,0,0,2010
"18","18th","Jakub Mareš","TEP","F",13,3,"0,2",1,"0,1",463,2,2,0,0,2010
"19","19th","Ondřej Kúdela","MBL","D",25,6,"0,2",1,"0,0",446,2,5,0,0,2010
"20","20th","David Limberský","","D",26,11,"0,4",1,"0,0",394,2,10,0,0,2010
"21","21st","Jan Procházka","","D",28,7,"0,3",1,"0,0",573,1,7,0,0,2010
"22","22nd","Marek Kaščák","","M",21,4,"0,2",1,"0,0",568,1,4,0,0,2010
"23","23rd","Lukáš Vácha","","M",25,5,"0,2",1,"0,0",577,2,4,0,0,2010
"24","24th","Radim Řezník","FCB","D",25,3,"0,1",1,"0,0",1101,0,4,0,0,2010
"25","25th","Zdeněk Šmejkal","","D",25,10,"0,4",1,"0,0",457,3,8,0,0,2010
"26","26th","Jan Lecjaks","","D",22,3,"0,1",1,"0,0",438,4,0,0,0,2010
"27","27th","Antonín Holub","","M",24,6,"0,3",1,"0,0",496,4,3,0,0,2010
"28","28th","Jakub Štochl","","D",28,4,"0,1",1,"0,0",907,1,4,0,0,2010
"29","29th","Pavel Macháček","","D",25,6,"0,2",1,"0,0",429,0,7,0,0,2010
"30","30th","Tomáš Fabián","MBL","D",10,2,"0,2",1,"0,1",524,0,3,0,0,2010
"31","31st","Dominik Kraut","FCB","F",13,1,"0,1",1,"0,1",92,0,2,0,0,2010
"32","32nd","Pavel Dreksa","OLO","D",23,7,"0,3",1,"0,0",447,2,6,0,0,2010
"33","33rd","Fernando Neves","FCB","D",26,7,"0,3",1,"0,0",844,4,4,0,0,2010
"34","34th","Renáto Kelić","","D",18,2,"0,1",1,"0,1",457,1,2,0,0,2010
"35","35th","Dalibor Slezák","","F",8,1,"0,1",0,"0,0",257,0,1,0,0,2010
"36","36th","Vladimír Šmicer","","M",3,1,"0,3",0,"0,0",90,0,1,0,0,2010
"37","37th","Patrik Berger","","M",2,0,"0,0",0,"0,0",180,0,0,0,0,2010
"38","38th","Stanislav Vlček","","F",23,2,"0,1",0,"0,0",1030,1,1,0,0,2010
"39","39th","Tomáš Řepka","","D",28,7,"0,3",0,"0,0",732,5,2,0,0,2010
"40","40th","Martin Müller","","D",12,1,"0,1",0,"0,0",690,1,0,0,0,2010
"41","41st","Miroslav Holeňák","","D",24,4,"0,2",0,"0,0",1110,1,3,0,0,2010
"42","42nd","Pavel Horváth","","M",28,6,"0,2",0,"0,0",845,2,4,0,0,2010
"43","43rd","Libor Sionko","","M",14,2,"0,1",0,"0,0",546,1,1,0,0,2010
"44","44th","Daniel Tchuř","","D",15,3,"0,2",0,"0,0",598,1,2,0,0,2010
"45","45th","Marek Smola","","D",1,0,"0,0",0,"0,0",37,0,0,0,0,2010
"46","46th","Tomáš Hunal","","D",19,4,"0,2",0,"0,0",411,1,3,0,0,2010
"47","47th","Erich Brabec","","D",13,0,"0,0",0,"0,0",1140,0,0,0,0,2010
"48","48th","Luděk Zelenka","","F",8,0,"0,0",0,"0,0",260,0,0,0,0,2010
"49","49th","Pavel Drsek","","D",29,3,"0,1",0,"0,0",1653,1,2,0,0,2010
"50","50th","Pavel Němčický","","D",23,4,"0,2",0,"0,0",573,2,2,0,0,2010
"51","1st","Richard Dostálek","","M",26,3,"0,1",1,"0,0",999,3,1,0,0,2011
"52","2nd","Pavel Horváth","","M",26,6,"0,2",1,"0,0",1154,3,4,0,0,2011
"53","3rd","Tomáš Janů","","D",12,2,"0,2",1,"0,1",477,2,1,0,0,2011
"54","4th","Jiří Rychlík","","D",10,2,"0,2",1,"0,1",496,2,1,0,0,2011
"55","5th","Josef Laštovka","","D",26,4,"0,2",1,"0,0",752,2,3,0,0,2011
"56","6th","Lukáš Hartig","","F",22,7,"0,3",1,"0,0",399,3,5,0,0,2011
"57","7th","Tomáš Polách","","M",15,2,"0,1",1,"0,1",461,1,2,0,0,2011
"58","8th","Adam Varadi","","F",25,7,"0,3",1,"0,0",721,1,7,0,0,2011
"59","9th","Jakub Navrátil","PLZ","D",16,3,"0,2",1,"0,1",833,2,2,0,0,2011
"60","10th","Vít Vrtělka","","M",23,6,"0,3",1,"0,0",401,3,4,0,0,2011
"61","11th","Tomáš Pilík","PRI","M",23,4,"0,2",1,"0,0",575,2,3,0,0,2011
"62","12th","Michal Klesa","","M",26,1,"0,0",1,"0,0",876,0,2,0,0,2011
"63","13th","Jiří Kladrubský","ACS","D",23,4,"0,2",1,"0,0",1233,1,4,0,0,2011
"64","14th","Lukáš Opiela","","M",25,8,"0,3",1,"0,0",603,2,7,0,0,2011
"65","15th","Marek Jungr","","M",9,1,"0,1",1,"0,1",261,1,1,0,0,2011
"66","16th","Vlastimil Stožický","","M",20,4,"0,2",1,"0,1",288,2,3,0,0,2011
"67","17th","Lukáš Kubáň","","D",25,7,"0,3",1,"0,0",422,1,7,0,0,2011
"68","18th","Marcel Gecov","","M",25,6,"0,2",1,"0,0",677,2,5,0,0,2011
"69","19th","Vít Beneš","FKJ","D",16,2,"0,1",1,"0,1",630,0,3,0,0,2011
"70","20th","Zdeněk Ondrášek","CEB","F",29,7,"0,2",1,"0,0",445,2,6,0,0,2011
"71","21st","Tomáš Stráský","","F",21,3,"0,1",1,"0,0",798,1,3,0,0,2011
"72","22nd","David Bartek","BOH","D",20,2,"0,1",1,"0,1",677,2,1,0,0,2011
"73","23rd","Zdeněk Šmejkal","","D",18,2,"0,1",1,"0,1",621,1,2,0,0,2011
"74","24th","Jakub Štochl","","D",28,2,"0,1",1,"0,0",1121,1,2,0,0,2011
"75","25th","Renáto Kelić","","D",21,2,"0,1",1,"0,0",904,1,2,0,0,2011
"76","26th","Aziz Ibragimov","","M",15,4,"0,3",1,"0,1",270,2,3,0,0,2011
"77","27th","Tomáš Košút","SLO","D",23,7,"0,3",1,"0,0",436,4,4,0,0,2011
"78","28th","Filip Hlúpik","SLO","M",16,2,"0,1",1,"0,1",346,1,2,0,0,2011
"79","29th","Rostislav Šamánek","","F",9,0,"0,0",1,"0,1",174,0,1,0,0,2011
"80","30th","Petr Reinberk","SLO","D",17,2,"0,1",1,"0,1",664,0,3,0,0,2011
"81","31st","Lukáš Dvořák","","-",13,3,"0,2",1,"0,1",432,2,2,0,0,2011
"82","32nd","Daniel Přerovský","BRN","M",8,3,"0,4",1,"0,1",231,1,3,0,0,2011
"83","33rd","Claude Roland Videgla","","M",18,5,"0,3",1,"0,1",252,1,5,0,0,2011
"84","34th","Grigori Čirkin","","M",11,4,"0,4",1,"0,1",344,1,4,0,0,2011
"85","35th","Stanislav Vlček","","F",17,1,"0,1",0,"0,0",675,1,0,0,0,2011
"86","36th","Tomáš Řepka","","D",22,5,"0,2",0,"0,0",604,2,2,0,0,2011
"87","37th","Miroslav Holeňák","","D",22,4,"0,2",0,"0,0",765,2,2,0,0,2011
"88","38th","Libor Sionko","","M",26,4,"0,2",0,"0,0",785,3,1,0,0,2011
"89","39th","Jiří Štajner","","F",29,6,"0,2",0,"0,0",644,1,5,0,0,2011
"90","40th","Lukáš Jarolím","","M",25,3,"0,1",0,"0,0",775,2,1,0,0,2011
"91","41st","Erich Brabec","","D",30,2,"0,1",0,"0,0",1465,1,1,0,0,2011
"92","42nd","Radim Kučera","","D",17,1,"0,1",0,"0,0",1368,0,1,0,0,2011
"93","43rd","Pavel Drsek","","D",19,2,"0,1",0,"0,0",350,1,1,0,0,2011
"94","44th","Benjamin Vomáčka","","D",8,2,"0,3",0,"0,0",332,0,2,0,0,2011
"95","45th","Josef Dvorník","","D",2,0,"0,0",0,"0,0",180,0,0,0,0,2011
"96","46th","Martin Lukeš","","M",23,5,"0,2",0,"0,0",573,1,4,0,0,2011
"97","47th","Rudolf Otepka","","M",29,5,"0,2",0,"0,0",955,1,4,0,0,2011
"98","48th","René Bolf","","D",24,3,"0,1",0,"0,0",847,1,2,0,0,2011
"99","49th","Pavel Verbíř","","M",21,1,"0,0",0,"0,0",920,0,1,0,0,2011
"100","50th","Marek Nikl","","D",26,3,"0,1",0,"0,0",1035,2,1,0,0,2011
"101","1st","Lukáš Bodeček","","D",15,1,"0,1",2,"0,1",636,1,2,0,0,2012
"102","2nd","Lukáš Pleško","","D",26,4,"0,2",1,"0,0",1309,2,3,0,0,2012
"103","3rd","Marek Kulič","","F",26,6,"0,2",1,"0,0",875,2,5,0,0,2012
"104","4th","Jan Riegel","","D",8,1,"0,1",1,"0,1",162,0,2,0,0,2012
"105","5th","Jan Nezmar","","F",29,5,"0,2",1,"0,0",991,2,4,0,0,2012
"106","6th","David Horejš","","D",8,0,"0,0",1,"0,1",373,1,0,0,0,2012
"107","7th","Petr Johana","","D",11,4,"0,4",1,"0,1",528,2,4,0,0,2012
"108","8th","Vlastimil Vidlička","","D",19,3,"0,2",1,"0,1",443,2,2,0,0,2012
"109","9th","Václav Svěrkoš","","F",16,5,"0,3",1,"0,1",374,2,4,0,0,2012
"110","10th","Ivo Táborský","","F",9,1,"0,1",1,"0,1",253,1,1,0,0,2012
"111","11th","Tomáš Janíček","MBL","D",25,6,"0,2",1,"0,0",455,3,4,0,0,2012
"112","12th","Marcel Šťastný","","D",23,11,"0,5",1,"0,0",347,2,10,0,0,2012
"113","13th","Ladislav Volešák","","M",20,7,"0,4",1,"0,1",650,3,5,0,0,2012
"114","14th","Aleš Škerle","","D",28,4,"0,1",1,"0,0",795,2,3,0,0,2012
"115","15th","Tomáš Pilík","PRI","M",28,5,"0,2",1,"0,0",536,2,4,0,0,2012
"116","16th","Pavel Malchárek","","D",7,1,"0,1",1,"0,1",343,1,1,0,0,2012
"117","17th","Antonín Rosa","","D",28,6,"0,2",1,"0,0",593,2,5,0,0,2012
"118","18th","Jan Kysela","MBL","D",20,5,"0,3",1,"0,1",529,2,4,0,0,2012
"119","19th","Miloš Brezinský","","D",15,2,"0,1",1,"0,1",45,0,3,0,0,2012
"120","20th","Pavel Eliáš","","M",27,3,"0,1",1,"0,0",1225,0,4,0,0,2012
"121","21st","Lukáš Kubáň","","D",25,9,"0,4",1,"0,0",348,2,8,0,0,2012
"122","22nd","Václav Ondřejka","","F",22,6,"0,3",1,"0,0",758,1,6,0,0,2012
"123","23rd","Daniel Silva Rossi","OLO","M",21,2,"0,1",1,"0,0",643,2,1,0,0,2012
"124","24th","Lukáš Zoubele","TEP","M",17,2,"0,1",1,"0,1",250,2,1,0,0,2012
"125","25th","Pavel Ricka","","D",9,3,"0,3",1,"0,1",338,2,2,0,0,2012
"126","26th","Marek Plašil","","D",22,4,"0,2",1,"0,0",705,1,4,0,0,2012
"127","27th","Manuel Pamić","","D",28,6,"0,2",1,"0,0",652,2,5,0,0,2012
"128","28th","Filip Novák","","D",18,4,"0,2",1,"0,1",541,2,3,0,0,2012
"129","29th","Daniel Bartl","ZIZ","M",19,4,"0,2",1,"0,1",383,3,2,0,0,2012
"130","30th","Martin Nešpor","BOH","F",26,6,"0,2",1,"0,0",357,5,2,0,0,2012
"131","31st","Marek Bakoš","PLZ","F",28,3,"0,1",1,"0,0",783,2,2,0,0,2012
"132","32nd","Pavel Novák","CEB","D",17,1,"0,1",1,"0,1",414,0,2,0,0,2012
"133","33rd","Michal Ďuriš","","F",27,4,"0,1",1,"0,0",439,2,3,0,0,2012
"134","34th","David Pavelka","SLO","M",22,2,"0,1",1,"0,0",838,2,1,0,0,2012
"135","35th","Jakub Sklenář","","F",5,1,"0,2",1,"0,2",65,1,1,0,0,2012
"136","36th","Marián Čišovský","","D",27,1,"0,0",1,"0,0",2339,0,2,0,0,2012
"137","37th","Pavol Poliaček","","M",19,4,"0,2",1,"0,1",649,2,3,0,0,2012
"138","38th","Matěj Paprčiak","","F",6,0,"0,0",1,"0,2",108,0,1,0,0,2012
"139","39th","Tomáš Holeš","HKR","M",12,2,"0,2",1,"0,1",448,2,1,0,0,2012
"140","40th","Aleksey Jedunov","","M",7,2,"0,3",1,"0,1",118,0,3,0,0,2012
"141","41st","Stanislav Vlček","","F",26,0,"0,0",0,"0,0",1428,0,0,0,0,2012
"142","42nd","Tomáš Řepka","","D",17,3,"0,2",0,"0,0",180,1,2,0,0,2012
"143","43rd","Pavel Horváth","","M",29,3,"0,1",0,"0,0",1385,0,3,0,0,2012
"144","44th","Libor Sionko","","M",23,4,"0,2",0,"0,0",563,2,2,0,0,2012
"145","45th","Jiří Štajner","","F",29,4,"0,1",0,"0,0",1158,0,4,0,0,2012
"146","46th","Lukáš Jarolím","","M",28,7,"0,3",0,"0,0",685,2,5,0,0,2012
"147","47th","Erich Brabec","","D",14,1,"0,1",0,"0,0",571,0,1,0,0,2012
"148","48th","Marek Jankulovski","","D",1,0,"0,0",0,"0,0",26,0,0,0,0,2012
"149","49th","Radim Kučera","","D",28,1,"0,0",0,"0,0",1683,0,1,0,0,2012
"150","50th","Benjamin Vomáčka","","D",24,4,"0,2",0,"0,0",990,1,3,0,0,2012
"151","1st","Lukáš Vácha","","M",27,7,"0,3",3,"0,1",648,3,7,0,0,2013
"152","2nd","Lukáš Magera","","F",18,5,"0,3",2,"0,1",376,3,4,0,0,2013
"153","3rd","Aleš Škerle","","D",21,5,"0,2",2,"0,1",720,0,7,0,0,2013
"154","4th","Karol Karlík","","M",23,8,"0,3",2,"0,1",358,6,4,0,0,2013
"155","5th","Tomáš Řepka","","D",10,4,"0,4",1,"0,1",294,1,4,0,0,2013
"156","6th","Benjamin Vomáčka","","D",20,3,"0,2",1,"0,1",661,2,2,0,0,2013
"157","7th","Milan Fukal","","D",22,5,"0,2",1,"0,0",901,0,6,0,0,2013
"158","8th","Petr Lukáš","","D",14,4,"0,3",1,"0,1",317,3,2,0,0,2013
"159","9th","Jan Vorel","","D",29,2,"0,1",1,"0,0",899,2,1,0,0,2013
"160","10th","Pavel Mezlík","","F",26,5,"0,2",1,"0,0",585,4,2,0,0,2013
"161","11th","David Lafata","","F",28,2,"0,1",1,"0,0",946,1,2,0,0,2013
"162","12th","Jan Trousil","","D",28,4,"0,1",1,"0,0",630,3,2,0,0,2013
"163","13th","Tomáš Marek","JIH","M",11,2,"0,2",1,"0,1",480,1,2,0,0,2013
"164","14th","Zbyněk Pospěch","","F",28,5,"0,2",1,"0,0",772,0,6,0,0,2013
"165","15th","Radek Hochmeister","","M",26,0,"0,0",1,"0,0",1375,0,1,0,0,2013
"166","16th","Adam Varadi","","F",12,3,"0,3",1,"0,1",230,1,3,0,0,2013
"167","17th","Václav Procházka","PLZ","D",27,4,"0,1",1,"0,0",850,3,2,0,0,2013
"168","18th","Jakub Mareš","MBL","F",28,6,"0,2",1,"0,0",539,3,4,0,0,2013
"169","19th","Antonín Rosa","","D",20,9,"0,5",1,"0,1",377,4,6,0,0,2013
"170","20th","Martin Šlapák","","F",24,5,"0,2",1,"0,0",522,3,3,0,0,2013
"171","21st","Martin Fillo","MBL","D",22,2,"0,1",1,"0,0",312,1,2,0,0,2013
"172","22nd","Lukáš Opiela","","M",9,2,"0,2",1,"0,1",253,2,1,0,0,2013
"173","23rd","Tomáš Frejlach","","M",8,4,"0,5",1,"0,1",15,2,3,0,0,2013
"174","24th","Michal Vepřek","OLO","D",25,8,"0,3",1,"0,0",462,4,5,0,0,2013
"175","25th","Jakub Řezníček","CEB","F",23,6,"0,3",1,"0,0",394,4,3,0,0,2013
"176","26th","Jan Šisler","HKR","M",26,8,"0,3",1,"0,0",490,3,6,0,0,2013
"177","27th","Daniel Silva Rossi","FKJ","M",26,1,"0,0",1,"0,0",1017,0,2,0,0,2013
"178","28th","Admir Ljevakovič","","M",21,12,"0,6",1,"0,0",349,6,7,0,0,2013
"179","29th","David Jablonský","","D",17,4,"0,2",1,"0,1",625,2,3,0,0,2013
"180","30th","Pavel Dreksa","OLO","D",23,4,"0,2",1,"0,0",973,3,2,0,0,2013
"181","31st","Ján Greguš","","M",7,2,"0,3",1,"0,1",146,2,1,0,0,2013
"182","32nd","Martin Sus","","M",20,4,"0,2",1,"0,1",532,3,2,0,0,2013
"183","33rd","Petr Reinberk","SLO","D",21,2,"0,1",1,"0,0",989,1,2,0,0,2013
"184","34th","Jiří Fleišman","LIB","D",24,4,"0,2",1,"0,0",525,1,4,0,0,2013
"185","35th","Petr Malý","","M",24,7,"0,3",1,"0,0",797,3,5,0,0,2013
"186","36th","Martin Juhar","","D",26,6,"0,2",1,"0,0",556,2,5,0,0,2013
"187","37th","Marián Čišovský","","D",23,3,"0,1",1,"0,0",624,1,3,0,0,2013
"188","38th","Tomáš Holeš","HKR","M",24,1,"0,0",1,"0,0",1192,0,2,0,0,2013
"189","39th","Haris Harba","HKR","F",27,5,"0,2",1,"0,0",991,2,4,0,0,2013
"190","40th","Michal Škoda","BRN","F",18,8,"0,4",1,"0,1",328,4,5,0,0,2013
"191","41st","Mašán Azíz","","M",13,4,"0,3",1,"0,1",687,2,3,0,0,2013
"192","42nd","Isaac Sackey","LIB","M",8,3,"0,4",1,"0,1",90,1,3,0,0,2013
"193","43rd","Stanislav Vlček","","F",4,0,"0,0",0,"0,0",33,0,0,0,0,2013
"194","44th","Pavel Horváth","","M",28,3,"0,1",0,"0,0",1463,2,1,0,0,2013
"195","45th","Jiří Štajner","","F",22,3,"0,1",0,"0,0",1052,1,2,0,0,2013
"196","46th","Lukáš Jarolím","","M",10,2,"0,2",0,"0,0",331,2,0,0,0,2013
"197","47th","Martin Lukeš","","M",23,1,"0,0",0,"0,0",1166,0,1,0,0,2013
"198","48th","Rudolf Otepka","","M",14,3,"0,2",0,"0,0",682,1,2,0,0,2013
"199","49th","Jiří Jarošík","","D",21,2,"0,1",0,"0,0",1250,0,2,0,0,2013
"200","50th","Marek Heinz","","M",1,0,"0,0",0,"0,0",15,0,0,0,0,2013
"201","1st","Karol Kisel","","M",13,4,"0,3",2,"0,2",314,1,5,15,2,2014
"202","2nd","Vít Beneš","FKJ","D",25,5,"0,2",2,"0,1",809,2,5,21,0,2014
"203","3rd","Emir Zeba","","M",15,4,"0,3",2,"0,1",265,3,3,18,0,2014
"204","4th","Erich Brabec","","D",13,1,"0,1",1,"0,1",916,1,1,8,0,2014
"205","5th","Jan Vorel","","D",15,1,"0,1",1,"0,1",829,0,2,11,0,2014
"206","6th","Jan Trousil","","D",14,6,"0,4",1,"0,1",357,1,6,19,1,2014
"207","7th","Tomáš Marek","JIH","M",22,0,"0,0",1,"0,0",1493,0,1,22,2,2014
"208","8th","Miroslav Slepička","","F",6,1,"0,2",1,"0,2",208,0,2,8,3,2014
"209","9th","Pavel Košťál","","D",14,2,"0,1",1,"0,1",540,1,2,11,0,2014
"210","10th","Adam Varadi","","F",25,6,"0,2",1,"0,0",453,2,5,41,11,2014
"211","11th","Ladislav Volešák","","M",24,6,"0,3",1,"0,0",649,1,6,41,10,2014
"212","12th","Aleš Škerle","","D",27,6,"0,2",1,"0,0",1053,3,4,30,0,2014
"213","13th","Tomáš Rada","","D",24,8,"0,3",1,"0,0",566,2,7,36,0,2014
"214","14th","Tomáš Janotka","BRN","D",24,5,"0,2",1,"0,0",556,3,3,32,2,2014
"215","15th","Pavel Šultes","MBL","F",18,2,"0,1",1,"0,1",590,0,3,12,7,2014
"216","16th","Jan Vošahlík","SLA","M",23,4,"0,2",1,"0,0",357,2,3,25,6,2014
"217","17th","Martin Kuncl","SLO","D",21,6,"0,3",1,"0,0",492,2,5,26,1,2014
"218","18th","Milan Kopic","","D",6,1,"0,2",1,"0,2",308,2,0,10,0,2014
"219","19th","Tomáš Hořava","","M",28,5,"0,2",1,"0,0",750,1,5,49,1,2014
"220","20th","Lukáš Kubáň","","D",7,4,"0,6",1,"0,1",232,1,4,13,0,2014
"221","21st","Marcel Gecov","","M",25,8,"0,3",1,"0,0",838,2,7,74,0,2014
"222","22nd","Václav Ondřejka","","F",18,4,"0,2",1,"0,1",341,2,3,13,10,2014
"223","23rd","Jan Krob","TEP","D",24,9,"0,4",1,"0,0",479,3,7,27,4,2014
"224","24th","Milan Nitrianský","","D",23,4,"0,2",1,"0,0",767,1,4,24,2,2014
"225","25th","Filip Novák","","D",27,3,"0,1",1,"0,0",929,2,2,24,0,2014
"226","26th","Michal Frydrych","FCB","D",28,5,"0,2",1,"0,0",887,0,6,29,1,2014
"227","27th","Michal Ďuriš","","F",25,5,"0,2",1,"0,0",484,3,3,34,5,2014
"228","28th","Claude Roland Videgla","","M",1,1,"1,0",1,"1,0",62,0,2,1,0,2014
"229","29th","Vladan Milosavljev","","M",9,1,"0,1",1,"0,1",328,1,1,9,4,2014
"230","30th","Jakub Jugas","PRI","D",23,2,"0,1",1,"0,0",1163,0,3,38,3,2014
"231","31st","Jan Baránek","","D",22,8,"0,4",1,"0,0",497,4,5,23,0,2014
"232","32nd","Michael Lüftner","","D",9,1,"0,1",1,"0,1",629,1,1,15,1,2014
"233","33rd","Jan Javůrek","OLO","M",24,2,"0,1",1,"0,0",1249,2,1,30,2,2014
"234","34th","Isaac Sackey","LIB","M",23,9,"0,4",1,"0,0",540,8,2,39,0,2014
"235","35th","Josef Hnaníček","ZNO","D",28,7,"0,3",1,"0,0",544,2,6,33,0,2014
"236","36th","Miloš Reljič","","M",22,5,"0,2",1,"0,0",484,3,3,39,3,2014
"237","37th","Tomáš Vengřinek","FCB","D",14,3,"0,2",1,"0,1",374,2,2,16,0,2014
"238","38th","Filip Kaša","FCB","D",7,1,"0,1",1,"0,1",601,0,2,12,0,2014
"239","39th","Pavel Horváth","","M",25,4,"0,2",0,"0,0",555,1,3,32,0,2014
"240","40th","Jiří Štajner","","F",23,1,"0,0",0,"0,0",1257,1,0,23,3,2014
"241","41st","Benjamin Vomáčka","","D",8,1,"0,1",0,"0,0",426,1,0,7,1,2014
"242","42nd","Martin Lukeš","","M",14,4,"0,3",0,"0,0",212,1,3,6,1,2014
"243","43rd","Marek Heinz","","M",8,4,"0,5",0,"0,0",263,1,3,7,6,2014
"244","44th","Lukáš Pleško","","D",10,1,"0,1",0,"0,0",546,0,1,6,0,2014
"245","45th","Tomáš Čížek","","OM",27,2,"0,1",0,"0,0",1103,1,1,26,4,2014
"246","46th","Štěpán Vachoušek","","M",29,3,"0,1",0,"0,0",925,0,3,25,2,2014
"247","47th","Radoslav Kováč","","D",24,1,"0,0",0,"0,0",1830,0,1,17,1,2014
"248","48th","Petr Švancara","","F",16,2,"0,1",0,"0,0",509,1,1,12,4,2014
"249","49th","Libor Došek","","F",21,6,"0,3",0,"0,0",753,1,5,47,24,2014
"250","50th","Patrik Gedeon","","M",27,3,"0,1",0,"0,0",1037,2,1,24,0,2014
"251","1st","Tomáš Zápotočný","","D",28,3,"0,1",2,"0,1",874,1,4,32,1,2015
"252","2nd","Vladimír Kukoľ","","M",25,8,"0,3",2,"0,1",479,3,7,52,0,2015
"253","3rd","Štěpán Vachoušek","","M",14,3,"0,2",1,"0,1",379,1,3,11,2,2015
"254","4th","Marek Matějovský","ACS","M",24,5,"0,2",1,"0,0",622,1,5,35,0,2015
"255","5th","Ivo Táborský","","F",15,3,"0,2",1,"0,1",363,0,4,18,2,2015
"256","6th","Jakub Mareš","DUK","F",27,4,"0,1",1,"0,0",625,2,3,35,15,2015
"257","7th","Radek Mezlík","SLO","D",9,3,"0,3",1,"0,1",413,3,1,13,0,2015
"258","8th","Jiří Kladrubský","CEB","D",13,5,"0,4",1,"0,1",401,3,3,18,1,2015
"259","9th","Tomáš Rada","","D",27,9,"0,3",1,"0,0",628,4,6,53,0,2015
"260","10th","Jan Vošahlík","CEB","M",13,4,"0,3",1,"0,1",385,2,3,21,3,2015
"261","11th","Tomáš Krbeček","PRI","M",10,1,"0,1",1,"0,1",71,1,1,6,0,2015
"262","12th","Marek Jungr","","M",17,2,"0,1",1,"0,1",622,2,1,26,4,2015
"263","13th","Marek Plašil","","D",15,3,"0,2",1,"0,1",906,1,3,12,1,2015
"264","14th","Tomáš Vondrášek","TEP","D",25,5,"0,2",1,"0,0",671,2,4,23,1,2015
"265","15th","Jan Hošek","TEP","D",7,2,"0,3",1,"0,1",383,0,3,13,0,2015
"266","16th","Milan Nitrianský","","D",21,2,"0,1",1,"0,0",295,0,3,14,0,2015
"267","17th","Juraj Križko","HKR","M",18,4,"0,2",1,"0,1",631,1,4,30,1,2015
"268","18th","Martin Husár","","D",2,0,"0,0",1,"0,5",75,1,0,1,0,2015
"269","19th","Jiří Fleišman","LIB","D",26,5,"0,2",1,"0,0",729,2,4,24,0,2015
"270","20th","Tomáš Malínský","HKR","M",22,3,"0,1",1,"0,0",437,1,3,21,4,2015
"271","21st","Miloš Karišik","","D",16,7,"0,4",1,"0,1",379,1,7,30,0,2015
"272","22nd","Jaroslav Machovec","","D",19,4,"0,2",1,"0,1",518,1,4,20,2,2015
"273","23rd","Josef Čtvrtníček","BRN","F",7,0,"0,0",1,"0,1",229,0,1,9,0,2015
"274","24th","Petr Tlustý","JIH","D",19,2,"0,1",1,"0,1",657,1,2,17,1,2015
"275","25th","Jiří Skalák","MBL","M",24,6,"0,3",1,"0,0",850,4,3,42,15,2015
"276","26th","Tomáš Kučera","JIH","M",27,8,"0,3",1,"0,0",1037,4,5,35,1,2015
"277","27th","Jakub Jugas","BRN","D",28,2,"0,1",1,"0,0",1116,0,3,49,0,2015
"278","28th","Michael Lüftner","","D",24,5,"0,2",1,"0,0",794,2,4,29,1,2015
"279","29th","Ondřej Sukup","","D",16,7,"0,4",1,"0,1",336,2,6,25,1,2015
"280","30th","Vukadin Vukadinovič","FKJ","F",22,4,"0,2",1,"0,0",546,1,4,24,12,2015
"281","31st","Aleš Čermák","HKR","M",22,4,"0,2",1,"0,0",721,1,4,32,3,2015
"282","32nd","Costa Nhamoinesu","","D",28,6,"0,2",1,"0,0",542,2,5,47,8,2015
"283","33rd","Martin Krameš","PRI","D",18,2,"0,1",1,"0,1",715,1,2,20,1,2015
"284","34th","Ladislav Takács","TEP","M",21,2,"0,1",1,"0,0",568,1,2,41,0,2015
"285","35th","Filip Kaša","FCB","D",12,1,"0,1",1,"0,1",389,1,1,14,1,2015
"286","36th","Jean-David Beauguel","DUK","F",27,4,"0,1",1,"0,0",956,2,3,33,16,2015
"287","37th","Matej Podstavek","CEB","D",13,3,"0,2",1,"0,1",395,3,1,22,0,2015
"288","38th","Ruslan Mingazov","FKJ","M",24,3,"0,1",1,"0,0",558,0,4,24,3,2015
"289","39th","Donneil A. Moukanza","","M",15,2,"0,1",1,"0,1",724,0,3,15,5,2015
"290","40th","Soune Soungole","LIB","M",14,5,"0,4",1,"0,1",287,2,4,27,0,2015
"291","41st","Zoran Gajič","","D",10,4,"0,4",1,"0,1",233,0,5,21,0,2015
"292","42nd","Kamil Kopúnek","","M",6,0,"0,0",1,"0,2",368,0,1,5,1,2015
"293","43rd","Pavel Horváth","","M",7,2,"0,3",0,"0,0",178,0,2,2,0,2015
"294","44th","Erich Brabec","","D",18,2,"0,1",0,"0,0",739,0,2,11,0,2015
"295","45th","Roman Lengyel","","D",29,4,"0,1",0,"0,0",1840,2,2,16,0,2015
"296","46th","Marek Kulič","","F",5,0,"0,0",0,"0,0",147,0,0,3,0,2015
"297","47th","Tomáš Čížek","","OM",15,2,"0,1",0,"0,0",337,0,2,8,5,2015
"298","48th","Radoslav Kováč","","D",17,2,"0,1",0,"0,0",360,0,2,6,0,2015
"299","49th","Petr Švancara","","F",5,0,"0,0",0,"0,0",70,0,0,1,1,2015
"300","50th","Libor Došek","","F",25,7,"0,3",0,"0,0",540,2,5,43,22,2015
"301","1st","Martin Hála","OLO","M",28,8,"0,3",2,"0,1",794,3,7,31,1,2016
"302","2nd","Soune Soungole","TEP","M",13,3,"0,2",2,"0,2",201,1,4,23,0,2016
"303","3rd","Milan Baroš","","F",21,3,"0,1",1,"0,0",522,1,3,14,13,2016
"304","4th","Veliče Šumulikoski","","DM",24,7,"0,3",1,"0,0",861,4,4,44,0,2016
"305","5th","David Hubáček","","D",19,2,"0,1",1,"0,1",708,2,1,17,0,2016
"306","6th","Roman Hubník","OLO","D",22,4,"0,2",1,"0,0",627,3,2,24,1,2016
"307","7th","Jan Rajnoch","","D",14,4,"0,3",1,"0,1",462,2,3,27,0,2016
"308","8th","Václav Procházka","PLZ","D",14,0,"0,0",1,"0,1",940,1,0,15,0,2016
"309","9th","Jiří Krejčí","","D",28,4,"0,1",1,"0,0",1094,0,5,32,0,2016
"310","10th","Lukáš Vaculík","JIH","D",27,3,"0,1",1,"0,0",1013,1,3,19,5,2016
"311","11th","Ondřej Kúdela","MBL","D",29,3,"0,1",1,"0,0",1025,1,3,32,0,2016
"312","12th","Martin Fillo","TEP","D",28,7,"0,3",1,"0,0",542,3,5,51,6,2016
"313","13th","Michal Šmíd","","D",28,6,"0,2",1,"0,0",534,3,4,25,1,2016
"314","14th","David Bartek","BOH","D",21,5,"0,2",1,"0,0",352,4,2,20,1,2016
"315","15th","Stanislav Hofmann","SLO","D",19,1,"0,1",1,"0,1",1419,0,2,19,1,2016
"316","16th","David Pašek","","OM",21,2,"0,1",1,"0,0",821,0,3,16,4,2016
"317","17th","Michal Frydrych","SLA","D",19,4,"0,2",1,"0,1",360,1,4,27,1,2016
"318","18th","Jiří Fleišman","MBL","D",22,4,"0,2",1,"0,0",193,0,5,26,0,2016
"319","19th","Roman Potočný","TEP","M",23,3,"0,1",1,"0,0",530,0,4,44,13,2016
"320","20th","Martin Šindelář","OLO","D",21,2,"0,1",1,"0,0",920,1,2,18,1,2016
"321","21st","Jose Antonio Romera","FKJ","D",13,1,"0,1",1,"0,1",994,1,1,23,1,2016
"322","22nd","Michal Škoda","BRN","F",28,4,"0,1",1,"0,0",1041,3,2,43,8,2016
"323","23rd","Jakub Plšek","OLO","M",21,2,"0,1",1,"0,0",919,0,3,19,5,2016
"324","24th","Tomáš Hájek","ZLN","D",27,8,"0,3",1,"0,0",683,7,2,51,1,2016
"325","25th","Adam Jánoš","MBL","M",24,4,"0,2",1,"0,0",546,1,4,26,4,2016
"326","26th","Marek Šichor","FCB","M",3,1,"0,3",1,"0,3",89,0,2,5,0,2016
"327","27th","Patrik Šimko","SLO","D",5,3,"0,6",1,"0,2",206,1,3,6,0,2016
"328","28th","Lukáš Vraštil","FCB","D",17,3,"0,2",1,"0,1",450,2,2,32,2,2016
"329","29th","Vladimír Kukoľ","","M",25,4,"0,2",1,"0,0",560,1,4,38,0,2016
"330","30th","Robert Hrubý","FCB","M",21,5,"0,2",1,"0,0",372,2,4,50,2,2016
"331","31st","Filip Kaša","FCB","D",28,5,"0,2",1,"0,0",820,0,6,54,2,2016
"332","32nd","Francis Narh","","F",15,3,"0,2",1,"0,1",566,2,2,29,14,2016
"333","33rd","Aleš Matějů","","D",17,5,"0,3",1,"0,1",652,3,3,34,2,2016
"334","34th","Juraj Chvátal","SLO","D",18,4,"0,2",1,"0,1",385,0,5,19,0,2016
"335","35th","Boštjan Frelih","BRN","D",5,2,"0,4",1,"0,2",252,0,3,10,0,2016
"336","36th","Mahamadou Dramé","","D",2,1,"0,5",1,"0,5",175,0,2,3,0,2016
"337","37th","Robert Bartolomeu","ZLN","M",15,0,"0,0",1,"0,1",355,0,1,7,4,2016
"338","38th","Róbert Matejov","ZLN","D",27,4,"0,1",1,"0,0",1454,3,2,20,1,2016
"339","39th","Uroš Radakovič","","D",27,6,"0,2",1,"0,0",856,2,5,28,0,2016
"340","40th","Matěj Chaluš","PRI","D",10,3,"0,3",1,"0,1",304,2,2,16,0,2016
"341","41st","Zurab Tsiskaridze","","D",9,5,"0,6",1,"0,1",314,3,3,21,0,2016
"342","42nd","Tomáš Čížek","","OM",22,0,"0,0",0,"0,0",1348,0,0,19,8,2016
"343","43rd","Štěpán Vachoušek","","M",30,2,"0,1",0,"0,0",1709,1,1,43,6,2016
"344","44th","Radoslav Kováč","","D",5,0,"0,0",0,"0,0",400,0,0,2,0,2016
"345","45th","Libor Došek","","F",25,5,"0,2",0,"0,0",541,1,4,31,25,2016
"346","46th","Pavel Zavadil","","M",21,1,"0,0",0,"0,0",1466,0,1,13,1,2016
"347","47th","David Lafata","","F",26,4,"0,2",0,"0,0",1542,1,3,20,14,2016
"348","48th","Rudolf Skácel","MBL","M",2,0,"0,0",0,"0,0",19,0,0,1,0,2016
"349","49th","Karel Piták","","M",21,2,"0,1",0,"0,0",962,0,2,18,4,2016
"350","50th","Ondřej Švejdík","LIB","D",10,1,"0,1",0,"0,0",334,1,0,6,0,2016
"351","1st","Vlastimil Daníček","SLO","M",26,8,"0,3",2,"0,1",627,2,8,51,1,2017
"352","2nd","Marek Matějovský","MBL","M",13,4,"0,3",1,"0,1",404,2,3,19,1,2017
"353","3rd","Milan Petržela","PLZ","M",23,3,"0,1",1,"0,0",766,2,2,33,3,2017
"354","4th","Bořek Dočkal","","M",12,0,"0,0",1,"0,1",913,1,0,13,2,2017
"355","5th","Radim Řezník","PLZ","D",18,3,"0,2",1,"0,1",692,1,3,31,0,2017
"356","6th","Martin Doležal","FKJ","F",21,4,"0,2",1,"0,0",629,0,5,29,9,2017
"357","7th","Miloš Bosančič","LIB","M",8,1,"0,1",1,"0,1",262,0,2,4,0,2017
"358","8th","Milan Kerbr","LIB","D",24,7,"0,3",1,"0,0",350,1,7,34,3,2017
"359","9th","Roman Potočný","LIB","M",25,4,"0,2",1,"0,0",536,1,4,43,3,2017
"360","10th","Radek Buchta","","D",9,2,"0,2",1,"0,1",274,1,2,10,0,2017
"361","11th","Tomáš Berger","","OM",19,1,"0,1",1,"0,1",392,2,0,12,6,2017
"362","12th","Jan Kopic","PLZ","M",22,3,"0,1",1,"0,0",1122,1,3,22,4,2017
"363","13th","Tomáš Malínský","HKR","M",27,5,"0,2",1,"0,0",562,1,5,66,16,2017
"364","14th","Egon Vůch","LIB","M",17,5,"0,3",1,"0,1",708,1,5,18,1,2017
"365","15th","Michael Lüftner","","D",28,2,"0,1",1,"0,0",880,1,2,23,1,2017
"366","16th","Milan Jirásek","BOH","M",22,5,"0,2",1,"0,0",578,2,4,27,0,2017
"367","17th","Vladimír Coufal","LIB","D",17,3,"0,2",1,"0,1",517,0,4,25,1,2017
"368","18th","Tomáš Hájek","PLZ","D",20,4,"0,2",1,"0,1",813,2,3,21,0,2017
"369","19th","Milan Havel","BOH","D",28,2,"0,1",1,"0,0",1188,1,2,31,1,2017
"370","20th","Petr Ševčík","LIB","M",22,3,"0,1",1,"0,0",1020,0,4,15,0,2017
"371","21st","Róbert Matejov","ZLN","D",25,5,"0,2",1,"0,0",672,2,4,20,0,2017
"372","22nd","Mihailo Jovanovič","","D",13,2,"0,2",1,"0,1",98,1,2,9,1,2017
"373","23rd","Marco Ferrara","","D",8,1,"0,1",1,"0,1",542,1,1,5,0,2017
"374","24th","Filip Panák","KAR","D",26,0,"0,0",1,"0,0",1311,0,1,14,3,2017
"375","25th","Douglas da Silva","","D",25,3,"0,1",1,"0,0",990,2,2,33,0,2017
"376","26th","Borys  Tašči","","OM",12,1,"0,1",1,"0,1",738,1,1,14,2,2017
"377","27th","Tomáš Čížek","","OM",5,0,"0,0",0,"0,0",348,0,0,3,2,2017
"378","28th","Jan Polák","BRN","DM",24,4,"0,2",0,"0,0",1106,1,3,34,0,2017
"379","29th","Štěpán Vachoušek","","M",23,2,"0,1",0,"0,0",351,0,2,14,3,2017
"380","30th","Milan Baroš","","F",24,3,"0,1",0,"0,0",1016,2,1,44,20,2017
"381","31st","Tomáš Rosický","","OM",1,0,"0,0",0,"0,0",19,0,0,0,0,2017
"382","32nd","Pavel Zavadil","","M",16,2,"0,1",0,"0,0",610,2,0,7,0,2017
"383","33rd","David Lafata","","F",28,7,"0,3",0,"0,0",774,3,4,32,15,2017
"384","34th","Martin Jiránek","PRI","D",21,3,"0,1",0,"0,0",1407,1,2,9,1,2017
"385","35th","Tomáš Hübschman","FKJ","M",22,2,"0,1",0,"0,0",1414,0,2,19,0,2017
"386","36th","Pavel Košťál","","D",20,4,"0,2",0,"0,0",831,0,4,11,2,2017
"387","37th","Veliče Šumulikoski","","DM",29,7,"0,2",0,"0,0",872,5,2,27,0,2017
"388","38th","Michal Kadlec","ACS","D",28,6,"0,2",0,"0,0",698,2,4,40,1,2017
"389","39th","Pavel Černý","HKR","F",21,5,"0,2",0,"0,0",535,2,3,38,9,2017
"390","40th","David Hubáček","","D",11,1,"0,1",0,"0,0",349,0,1,7,0,2017
"391","41st","Martin Latka","","D",10,0,"0,0",0,"0,0",716,0,0,9,1,2017
"392","42nd","Tomáš Janíček","ZLN","D",17,3,"0,2",0,"0,0",348,2,1,19,0,2017
"393","43rd","Jan Rezek","","M",29,5,"0,2",0,"0,0",924,2,3,52,9,2017
"394","44th","Roman Hubník","PLZ","D",29,5,"0,2",0,"0,0",1166,2,3,16,1,2017
"395","45th","Jiří Bílek","","D",17,1,"0,1",0,"0,0",1016,1,0,17,0,2017
"396","46th","Lukáš Magera","","F",21,8,"0,4",0,"0,0",310,1,7,38,6,2017
"397","47th","Michal Švec","BOH","M",18,3,"0,2",0,"0,0",675,1,2,24,0,2017
"398","48th","Jakub Chleboun","HKR","D",22,2,"0,1",0,"0,0",1076,1,1,33,2,2017
"399","49th","Daniel Kolář","","M",3,0,"0,0",0,"0,0",251,0,0,1,2,2017
"400","50th","Jan Holenda","DUK","F",23,2,"0,1",0,"0,0",444,0,2,41,32,2017
"401","1st","Aleksandar Šušnjar","MBL","D",21,6,"0,3",2,"0,1",560,4,4,49,1,2018
"402","2nd","Tomáš Janíček","ZLN","D",11,1,"0,1",1,"0,1",623,1,1,18,0,2018
"403","3rd","Václav Procházka","FCB","D",13,3,"0,2",1,"0,1",486,0,4,10,0,2018
"404","4th","Ondřej Kúdela","SLA","D",22,4,"0,2",1,"0,0",1014,1,4,24,1,2018
"405","5th","Michal Vepřek","OLO","D",25,3,"0,1",1,"0,0",940,4,0,31,0,2018
"406","6th","Ondřej Kušnír","DUK","D",23,7,"0,3",1,"0,0",519,4,4,25,4,2018
"407","7th","Jan Chramosta","FKJ","F",26,2,"0,1",1,"0,0",273,0,3,28,11,2018
"408","8th","Milan Kerbr","LIB","D",23,5,"0,2",1,"0,0",1147,2,4,24,3,2018
"409","9th","David Vaněček","TEP","F",29,2,"0,1",1,"0,0",1696,1,2,57,22,2018
"410","10th","Roman Potočný","LIB","M",25,7,"0,3",1,"0,0",525,1,7,48,2,2018
"411","11th","Michal Trávník","FKJ","M",28,5,"0,2",1,"0,0",689,0,6,51,6,2018
"412","12th","Petr Buchta","ZLN","D",14,0,"0,0",1,"0,1",22,0,1,18,0,2018
"413","13th","Petr Tlustý","JIH","D",25,2,"0,1",1,"0,0",787,2,1,14,0,2018
"414","14th","Lukáš Kryštůfek","BRN","D",19,2,"0,1",1,"0,1",617,1,2,24,1,2018
"415","15th","David Houska","OLO","M",30,3,"0,1",1,"0,0",1626,1,3,40,2,2018
"416","16th","Costa Nhamoinesu","","D",16,3,"0,2",1,"0,1",760,0,4,30,3,2018
"417","17th","Lukáš Vraštil","BRN","D",26,4,"0,2",1,"0,0",920,2,3,50,1,2018
"418","18th","Eldar Čivič","ACS","D",4,3,"0,8",1,"0,3",143,1,3,9,0,2018
"419","19th","Francis Koné","","F",14,1,"0,1",1,"0,1",890,2,0,18,11,2018
"420","20th","Uroš Radakovič","","D",30,3,"0,1",1,"0,0",1271,0,4,25,3,2018
"421","21st","Petr Kodeš","TEP","M",6,1,"0,2",1,"0,2",85,0,2,5,0,2018
"422","22nd","David Machalík","","M",25,0,"0,0",1,"0,0",896,1,0,28,0,2018
"423","23rd","Matěj Chaluš","MBL","D",17,1,"0,1",1,"0,1",792,0,2,22,0,2018
"424","24th","Ondřej Karafiát","LIB","D",24,7,"0,3",1,"0,0",553,3,5,21,1,2018
"425","25th","Denis Granečný","FCB","D",28,3,"0,1",1,"0,0",887,3,1,18,3,2018
"426","26th","Matěj Pulkrab","LIB","F",26,8,"0,3",1,"0,0",510,3,6,60,8,2018
"427","27th","Michal Bezpalec","DUK","D",19,4,"0,2",1,"0,1",407,1,4,20,0,2018
"428","28th","Ondřej Bačo","ZLN","D",21,6,"0,3",1,"0,0",756,1,6,33,0,2018
"429","29th","Nikolaj Komličenko","","F",17,1,"0,1",1,"0,1",634,0,2,22,6,2018
"430","30th","Siim Luts","","M",11,4,"0,4",1,"0,1",161,2,3,27,0,2018
"431","31st","Ibrahim Benjamin  Traore","ZLN","M",22,5,"0,2",1,"0,0",553,4,2,47,0,2018
"432","32nd","Filip Havelka","LIB","M",12,2,"0,2",1,"0,1",338,0,3,8,1,2018
"433","33rd","Frederik Bilovský","DUK","M",20,4,"0,2",1,"0,1",634,1,4,24,0,2018
"434","34th","Vladislav Levin","JIH","M",17,5,"0,3",1,"0,1",109,1,5,24,1,2018
"435","35th","Pablo Podio","ZLN","M",3,1,"0,3",1,"0,3",139,0,2,5,0,2018
"436","36th","Lukáš Kalvach","OLO","M",29,3,"0,1",1,"0,0",1319,0,4,58,1,2018
"437","37th","Jiří Texl","OLO","M",25,1,"0,0",1,"0,0",654,0,2,16,5,2018
"438","38th","Kamso Mara","JIH","M",9,2,"0,2",1,"0,1",309,1,2,19,2,2018
"439","39th","Jan Polák","BRN","DM",24,7,"0,3",0,"0,0",441,2,5,49,0,2018
"440","40th","Milan Baroš","","F",25,6,"0,2",0,"0,0",431,1,5,48,17,2018
"441","41st","Tomáš Rosický","","OM",11,1,"0,1",0,"0,0",448,0,1,3,1,2018
"442","42nd","David Lafata","","F",22,1,"0,0",0,"0,0",957,0,1,16,8,2018
"443","43rd","Martin Jiránek","DUK","D",27,0,"0,0",0,"0,0",2385,0,0,12,1,2018
"444","44th","Tomáš Hübschman","FKJ","M",24,3,"0,1",0,"0,0",690,1,2,18,1,2018
"445","45th","Marek Matějovský","MBL","M",18,8,"0,4",0,"0,0",416,4,4,43,0,2018
"446","46th","Pavel Košťál","","D",9,0,"0,0",0,"0,0",778,0,0,10,0,2018
"447","47th","Veliče Šumulikoski","","DM",13,4,"0,3",0,"0,0",411,2,2,13,0,2018
"448","48th","Michal Kadlec","ACS","D",8,1,"0,1",0,"0,0",447,0,1,7,1,2018
"449","49th","Jan Rezek","","M",25,3,"0,1",0,"0,0",1286,1,2,46,6,2018
"450","50th","Roman Hubník","PLZ","D",15,4,"0,3",0,"0,0",522,2,2,19,0,2018
"451","1st","Michal Šmíd","","D",25,3,"0,1",2,"0,1",654,1,4,18,0,2019
"452","2nd","Michal Jeřábek","TEP","D",26,6,"0,2",2,"0,1",854,3,5,34,0,2019
"453","3rd","Milan Baroš","","F",17,4,"0,2",1,"0,1",475,2,3,26,5,2019
"454","4th","Marek Matějovský","MBL","M",24,8,"0,3",1,"0,0",330,3,6,42,0,2019
"455","5th","Roman Hubník","PLZ","D",27,6,"0,2",1,"0,0",921,3,4,33,1,2019
"456","6th","Jan Holenda","DUK","F",17,0,"0,0",1,"0,1",846,0,1,13,7,2019
"457","7th","Jan Kovařík","PLZ","M",26,1,"0,0",1,"0,0",1101,0,2,22,8,2019
"458","8th","Martin Jindráček","TEP","F",20,2,"0,1",1,"0,1",1076,1,2,38,9,2019
"459","9th","Martin Nešpor","OLO","F",26,6,"0,2",1,"0,0",441,2,5,38,15,2019
"460","10th","Lukáš Hejda","PLZ","D",15,3,"0,2",1,"0,1",433,1,3,23,0,2019
"461","11th","Vlastimil Daníček","SLO","M",34,6,"0,2",1,"0,0",1033,3,4,66,2,2019
"462","12th","Lukáš Budínský","KAR","M",31,3,"0,1",1,"0,0",1032,1,3,25,2,2019
"463","13th","Jan Kopic","PLZ","M",23,3,"0,1",1,"0,0",1206,0,4,38,5,2019
"464","14th","Petr Zapalač","OPA","M",33,4,"0,1",1,"0,0",1305,2,3,36,4,2019
"465","15th","Lukáš Štetina","ACS","D",17,4,"0,2",1,"0,1",670,3,2,23,0,2019
"466","16th","Šimon Falta","OLO","M",29,0,"0,0",1,"0,0",1566,0,1,19,5,2019
"467","17th","Jan Mikula","LIB","D",21,2,"0,1",1,"0,0",793,3,0,29,0,2019
"468","18th","Jaroslav Svozil","OPA","D",33,8,"0,2",1,"0,0",1026,4,5,34,0,2019
"469","19th","Robert Hrubý","FCB","M",33,5,"0,2",1,"0,0",722,2,4,50,5,2019
"470","20th","Jaroslav Tregler","","M",33,9,"0,3",1,"0,0",789,3,7,30,0,2019
"471","21st","Petr Ševčík","SLA","M",22,6,"0,3",1,"0,0",900,3,4,21,1,2019
"472","22nd","Jean-David Beauguel","PLZ","F",31,4,"0,1",1,"0,0",755,1,4,63,12,2019
"473","23rd","Jan Shejbal","TEP","D",20,7,"0,4",1,"0,1",450,6,2,22,4,2019
"474","24th","Eldar Čivič","ACS","D",20,4,"0,2",1,"0,1",241,0,5,25,2,2019
"475","25th","Daniel Tetour","DUK","M",29,10,"0,3",1,"0,0",540,1,10,49,3,2019
"476","26th","Emmanuel Antwi","PRI","M",29,5,"0,2",1,"0,0",655,3,3,36,3,2019
"477","27th","David Hovorka","FKJ","D",29,6,"0,2",1,"0,0",1259,4,3,47,2,2019
"478","28th","Lukáš Železník","ZLN","F",20,1,"0,1",1,"0,1",733,0,2,13,5,2019
"479","29th","Pavel Čmovš","TEP","D",15,6,"0,4",1,"0,1",403,1,6,17,0,2019
"480","30th","Vojtěch Smrž","KAR","M",25,7,"0,3",1,"0,0",509,2,8,45,0,2019
"481","31st","Aleksandar Šušnjar","MBL","D",2,1,"0,5",1,"0,5",118,1,1,3,0,2019
"482","32nd","Vladislav Levin","BOH","M",13,4,"0,3",1,"0,1",380,1,4,13,0,2019
"483","33rd","Ivan Ostojič","","D",24,10,"0,4",1,"0,0",643,4,7,38,2,2019
"484","34th","Pablo Podio","ZLN","M",28,6,"0,2",1,"0,0",686,2,5,39,0,2019
"485","35th","Uroš Djuranovič","DUK","M",29,6,"0,2",1,"0,0",348,0,7,35,6,2019
"486","36th","Dominik Janošek","SLO","M",25,2,"0,1",1,"0,0",746,2,1,28,2,2019
"487","37th","Bojan Letič","KAR","D",18,3,"0,2",1,"0,1",466,1,3,21,4,2019
"488","38th","Damjan Vukliševič","LIB","D",9,1,"0,1",1,"0,1",414,0,2,8,0,2019
"489","39th","Nicolae Stanciu","ACS","M",17,4,"0,2",1,"0,1",536,0,5,21,2,2019
"490","40th","Guélor Kanga","","M",24,14,"0,6",1,"0,0",317,7,8,32,3,2019
"491","41st","Mohamed Doumbia","DUK","M",17,3,"0,2",1,"0,1",537,2,2,25,0,2019
"492","42nd","Karel Soldát","PRI","M",22,7,"0,3",1,"0,0",352,2,7,63,1,2019
"493","43rd","Jan Žídek","OPA","D",21,4,"0,2",1,"0,0",562,3,2,36,2,2019
"494","44th","Daniel Souček","","D",22,6,"0,3",1,"0,0",438,4,3,29,0,2019
"495","45th","Tomáš Smola","OPA","F",31,8,"0,3",1,"0,0",1052,2,7,60,36,2019
"496","46th","Ján Krivák","KAR","D",24,6,"0,3",1,"0,0",620,0,9,28,0,2019
"497","47th","Alexej Tatajev","","D",10,3,"0,3",1,"0,1",220,0,4,18,0,2019
"498","48th","Pavel Zavadil","","M",29,7,"0,2",0,"0,0",659,1,6,36,0,2019
"499","49th","Rudolf Skácel","PRI","M",16,2,"0,1",0,"0,0",448,1,1,9,5,2019
"500","50th","Tomáš Hübschman","FKJ","M",29,3,"0,1",0,"0,0",1073,0,3,23,1,2019
"501","1st","Tomáš Sivok","CEB","D",19,5,"0,3",2,"0,1",505,2,5,22,2,2020
"502","2nd","Jiří Kladrubský","CEB","D",21,4,"0,2",2,"0,1",484,0,6,17,0,2020
"503","3rd","Milan Jirásek","FCB","M",26,8,"0,3",2,"0,1",557,4,6,32,1,2020
"504","4th","Petr Kodeš","TEP","M",19,8,"0,4",2,"0,1",328,5,5,44,0,2020
"505","5th","Pavel Zavadil","","M",24,6,"0,3",1,"0,0",898,3,4,35,0,2020
"506","6th","Michal Kadlec","SLO","D",27,7,"0,3",1,"0,0",453,3,5,18,2,2020
"507","7th","Jan Rezek","","M",28,7,"0,3",1,"0,0",777,3,5,42,3,2020
"508","8th","Milan Petržela","SLO","M",27,6,"0,2",1,"0,0",593,4,3,61,10,2020
"509","9th","Jakub Mareš","TEP","F",29,10,"0,3",1,"0,0",580,3,8,64,30,2020
"510","10th","Martin Fillo","FCB","D",29,6,"0,2",1,"0,0",801,3,4,52,3,2020
"511","11th","Kamil Vacek","BOH","M",23,2,"0,1",1,"0,0",667,2,1,36,5,2020
"512","12th","Jan Krob","FKJ","D",32,8,"0,3",1,"0,0",710,2,7,43,0,2020
"513","13th","Lukáš Mareček","TEP","M",9,4,"0,4",1,"0,1",232,3,2,13,0,2020
"514","14th","Josef Hušbauer","","M",18,4,"0,2",1,"0,1",686,1,4,21,1,2020
"515","15th","Lukáš Hejda","PLZ","D",28,4,"0,1",1,"0,0",798,2,3,44,2,2020
"516","16th","Zdeněk Folprecht","","M",8,2,"0,3",1,"0,1",532,1,2,20,0,2020
"517","17th","Stanislav Tecl","SLA","F",23,1,"0,0",1,"0,0",1041,0,2,18,16,2020
"518","18th","Petr Mareš","TEP","M",22,5,"0,2",1,"0,0",300,1,5,33,2,2020
"519","19th","Alois Hyčka","TEP","D",18,3,"0,2",1,"0,1",844,2,2,26,3,2020
"520","20th","Josef Divíšek","SLO","D",24,6,"0,3",1,"0,0",519,2,5,33,2,2020
"521","21st","Michal Petráň","KAR","F",20,3,"0,2",1,"0,1",550,3,1,47,10,2020
"522","22nd","Marek Hanousek","KAR","M",28,3,"0,1",1,"0,0",901,1,3,41,0,2020
"523","23rd","Jan Kopic","PLZ","M",29,5,"0,2",1,"0,0",1150,2,4,30,6,2020
"524","24th","Radek Voltr","PRI","M",16,0,"0,0",1,"0,1",558,0,1,12,0,2020
"525","25th","Lukáš Masopust","SLA","M",27,2,"0,1",1,"0,0",1095,2,1,46,8,2020
"526","26th","Adam Jánoš","FCB","M",24,5,"0,2",1,"0,0",726,3,3,36,1,2020
"527","27th","Josef Hnaníček","OPA","D",20,3,"0,2",1,"0,1",270,1,3,19,1,2020
"528","28th","Patrik Šimko","SLO","D",13,2,"0,2",1,"0,1",353,1,2,13,0,2020
"529","29th","Jaroslav Svozil","FCB","D",24,5,"0,2",1,"0,0",617,5,1,26,0,2020
"530","30th","Jan Shejbal","TEP","D",24,6,"0,3",1,"0,0",421,3,4,42,2,2020
"531","31st","Nikolaj Komličenko","","F",15,6,"0,4",1,"0,1",647,3,4,50,3,2020
"532","32nd","Benjamin Tetteh","","F",33,2,"0,1",1,"0,0",1091,0,3,47,26,2020
"533","33rd","Daniel Köstl","BOH","D",22,3,"0,1",1,"0,0",624,0,4,20,2,2020
"534","34th","Ondřej Lingr","KAR","M",29,5,"0,2",1,"0,0",1006,3,3,49,5,2020
"535","35th","Pablo Podio","ZLN","M",12,2,"0,2",1,"0,1",424,1,2,8,0,2020
"536","36th","Georges Mandjeck","ACS","M",16,1,"0,1",1,"0,1",437,2,0,18,0,2020
"537","37th","Oleksander  Azackij","FCB","D",14,2,"0,1",1,"0,1",529,2,1,11,0,2020
"538","38th","Jakub Klíma","MBL","D",29,2,"0,1",1,"0,0",1059,1,2,22,1,2020
"539","39th","Kamso Mara","LIB","M",34,5,"0,1",1,"0,0",952,3,3,38,8,2020
"540","40th","Taras Kačaraba","LIB","D",32,6,"0,2",1,"0,0",1072,3,4,38,3,2020
"541","41st","Murphy Dorley Oscar","SLA","D",21,9,"0,4",1,"0,0",292,5,5,34,0,2020
"542","42nd","Jakub Yunis","OLO","F",20,2,"0,1",1,"0,1",864,0,3,27,9,2020
"543","43rd","Alexandru Baluta","","M",22,9,"0,4",1,"0,0",39,3,7,37,10,2020
"544","44th","Václav Jurečka","SLO","F",16,1,"0,1",1,"0,1",384,1,1,16,8,2020
"545","45th","Pablo González","OLO","M",22,3,"0,1",1,"0,0",476,1,3,49,3,2020
"546","46th","Martin Bukata","","M",18,3,"0,2",1,"0,1",308,2,2,22,1,2020
"547","47th","Dominik Plechatý","FKJ","D",28,1,"0,0",1,"0,0",944,1,1,32,0,2020
"548","48th","Matěj Radosta","TEP","M",13,2,"0,2",1,"0,1",285,2,1,10,1,2020
"549","49th","Olivier Kingue","PRI","D",11,4,"0,4",1,"0,1",448,1,4,22,0,2020
"550","50th","Michael Ugwu","BOH","F",19,5,"0,3",1,"0,1",224,1,5,20,7,2020
"551","51st","Milan Baroš","","F",17,2,"0,1",0,"0,0",367,0,2,8,5,2020
"552","52nd","Tomáš Hübschman","FKJ","M",25,6,"0,2",0,"0,0",470,3,3,29,1,2020
"553","53rd","Marek Matějovský","MBL","M",18,6,"0,3",0,"0,0",487,3,3,38,0,2020
"554","54th","Miroslav Slepička","","F",15,1,"0,1",0,"0,0",510,0,1,4,8,2020
"555","55th","Ivo Táborský","","F",17,2,"0,1",0,"0,0",159,0,2,9,0,2020
"556","56th","Roman Hubník","PLZ","D",5,1,"0,2",0,"0,0",123,1,0,2,0,2020
"557","57th","Daniel Pudil","MBL","D",28,4,"0,1",0,"0,0",890,2,2,17,4,2020
"558","58th","Václav Procházka","FCB","D",22,6,"0,3",0,"0,0",904,2,4,24,1,2020
"559","59th","Jiří Krejčí","","D",11,1,"0,1",0,"0,0",159,1,0,3,0,2020
"560","60th","Josef Jindřišek","BOH","M",32,3,"0,1",0,"0,0",1567,2,1,35,0,2020
"561","61st","Tomáš Pilík","FKJ","M",30,1,"0,0",0,"0,0",775,0,1,15,1,2020
"562","62nd","Petr Javorek","CEB","M",27,6,"0,2",0,"0,0",498,2,4,45,14,2020
"563","63rd","Ondřej Kúdela","SLA","D",30,3,"0,1",0,"0,0",1241,2,1,32,0,2020
"564","64th","David Limberský","","D",20,4,"0,2",0,"0,0",515,2,2,23,1,2020
"565","65th","Michal Vepřek","OLO","D",23,4,"0,2",0,"0,0",960,0,4,33,0,2020
"566","66th","Adam Hloušek","PLZ","D",18,1,"0,1",0,"0,0",1007,0,1,7,1,2020
"567","67th","Ondřej Mazuch","MBL","D",10,2,"0,2",0,"0,0",246,1,1,8,0,2020
"568","68th","Bořek Dočkal","","M",13,4,"0,3",0,"0,0",310,1,3,11,0,2020
"569","69th","Tomáš Hořava","","M",26,2,"0,1",0,"0,0",1306,1,1,18,1,2020
"570","70th","Jakub Řezníček","TEP","F",25,6,"0,2",0,"0,0",756,2,4,51,40,2020
"571","71st","Radim Řezník","PLZ","D",30,5,"0,2",0,"0,0",598,0,5,34,5,2020
"572","72nd","Vít Beneš","OLO","D",24,6,"0,3",0,"0,0",523,0,6,26,0,2020
"573","73rd","Tomáš Jablonský","PRI","D",2,0,"0,0",0,"0,0",4,0,0,0,0,2020
"574","74th","Michal Šmíd","","D",8,2,"0,3",0,"0,0",298,0,2,6,0,2020
"575","75th","Lukáš Pazdera","PRI","D",13,3,"0,2",0,"0,0",90,0,3,8,1,2020
"576","76th","David Bartek","BOH","D",25,4,"0,2",0,"0,0",711,2,2,28,2,2020
"577","77th","Milan Škoda","SLA","F",14,3,"0,2",0,"0,0",338,0,3,18,1,2020
"578","78th","Jan Moravec","KAR","D",13,1,"0,1",0,"0,0",458,1,0,15,2,2020
"579","79th","Admir Ljevakovič","","M",14,2,"0,1",0,"0,0",247,0,2,7,0,2020
"580","80th","Martin Zeman","","M",31,3,"0,1",0,"0,0",641,2,1,15,5,2020
"581","81st","Jakub Rada","BOH","M",8,1,"0,1",0,"0,0",278,0,1,7,0,2020
"582","82nd","Stanislav Hofmann","SLO","D",27,8,"0,3",0,"0,0",761,4,4,31,0,2020
"583","83rd","Jan Kovařík","PLZ","M",28,3,"0,1",0,"0,0",713,0,3,25,9,2020
"584","84th","Jan Kalabiška","SLO","D",27,2,"0,1",0,"0,0",1022,0,2,32,4,2020
"585","85th","Antonín Fantiš","ZLN","F",30,3,"0,1",0,"0,0",1030,1,2,32,12,2020
"586","86th","Petr Jiráček","ZLN","M",30,6,"0,2",0,"0,0",681,0,6,43,1,2020
"587","87th","Martin Doležal","FKJ","F",33,3,"0,1",0,"0,0",924,0,3,38,11,2020
"588","88th","Tomáš Vondrášek","TEP","D",26,8,"0,3",0,"0,0",550,1,7,30,2,2020
"589","89th","Martin Jindráček","PRI","F",15,0,"0,0",0,"0,0",143,0,0,6,3,2020
"590","90th","Jan Hošek","OPA","D",6,1,"0,2",0,"0,0",379,1,0,5,0,2020
"591","91st","Michael Rabušic","CEB","F",6,1,"0,2",0,"0,0",129,0,1,6,0,2020
"592","92nd","Jan Chramosta","FKJ","F",27,1,"0,0",0,"0,0",666,0,1,7,7,2020
"593","93rd","Tomáš Wágner","","F",24,5,"0,2",0,"0,0",349,0,5,30,5,2020
"594","94th","Radim Breite","OLO","M",27,8,"0,3",0,"0,0",572,2,6,44,3,2020
"595","95th","Jakub Brabec","PLZ","D",32,4,"0,1",0,"0,0",1634,1,3,25,0,2020
"596","96th","Jakub Podaný","BOH","D",21,3,"0,1",0,"0,0",1047,1,2,27,2,2020
"597","97th","Pavel Dreksa","KAR","D",6,1,"0,2",0,"0,0",214,0,1,1,0,2020
"598","98th","Martin Nešpor","OLO","F",11,2,"0,2",0,"0,0",323,0,2,17,5,2020
"599","99th","Jan Navrátil","SLO","M",31,6,"0,2",0,"0,0",1532,0,6,45,9,2020
"600","100th","Ladislav Martan","CEB","M",2,0,"0,0",0,"0,0",25,0,0,0,0,2020
"601","1st","Filip Kaša","PLZ","D",18,4,"0,2",2,"0,1",623,5,1,30,0,2021
"602","2nd","Matěj Hrabina","OPA","D",23,4,"0,2",2,"0,1",320,3,3,16,2,2021
"603","3rd","Olivier Kingue","PRI","D",16,5,"0,3",2,"0,1",526,3,4,20,0,2021
"604","4th","Jan Prosek","PCE","D",16,3,"0,2",2,"0,1",837,2,3,20,0,2021
"605","5th","Michal Kadlec","SLO","D",32,6,"0,2",1,"0,0",720,2,5,25,0,2021
"606","6th","Martin Fillo","FCB","D",32,5,"0,2",1,"0,0",1106,4,2,38,3,2021
"607","7th","Tomáš Necid","BOH","F",27,5,"0,2",1,"0,0",1079,2,4,28,19,2021
"608","8th","Jan Kalabiška","SLO","D",25,6,"0,2",1,"0,0",909,1,6,50,1,2021
"609","9th","Tomáš Vondrášek","TEP","D",26,4,"0,2",1,"0,0",911,1,4,33,0,2021
"610","10th","Jan Hošek","TEP","D",3,0,"0,0",1,"0,3",137,0,1,2,0,2021
"611","11th","Jan Navrátil","SLO","M",25,4,"0,2",1,"0,0",849,3,2,34,3,2021
"612","12th","David Pavelka","ACS","M",25,7,"0,3",1,"0,0",868,2,6,51,0,2021
"613","13th","Vlastimil Daníček","SLO","M",25,3,"0,1",1,"0,0",744,2,2,43,0,2021
"614","14th","Michal Trávník","ACS","M",18,0,"0,0",1,"0,1",423,0,1,17,2,2021
"615","15th","Milan Havel","PLZ","D",26,5,"0,2",1,"0,0",804,1,5,35,3,2021
"616","16th","Jhon Mosquera","LIB","M",29,8,"0,3",1,"0,0",601,2,7,43,23,2021
"617","17th","Jakub Pešek","LIB","M",31,5,"0,2",1,"0,0",1447,3,3,34,11,2021
"618","18th","Tomáš Poznar","ZLN","F",31,7,"0,2",1,"0,0",1448,5,3,73,34,2021
"619","19th","Martin Nový","PRI","D",29,5,"0,2",1,"0,0",732,1,5,44,0,2021
"620","20th","Ladislav Krejčí","ACS","M",20,7,"0,4",1,"0,1",441,4,4,43,1,2021
"621","21st","Antonín Růsek","BRN","F",30,4,"0,1",1,"0,0",841,2,3,45,18,2021
"622","22nd","Miloš Kratochvíl","FKJ","M",20,7,"0,4",1,"0,1",593,4,4,47,1,2021
"623","23rd","Jakub Pokorný","FCB","D",30,6,"0,2",1,"0,0",409,5,2,30,0,2021
"624","24th","Peter Štěpanovský","BRN","M",30,6,"0,2",1,"0,0",561,3,4,37,4,2021
"625","25th","Jiří Kulhánek","OPA","M",22,2,"0,1",1,"0,0",167,1,2,23,0,2021
"626","26th","Vladimir Jovovič","FKJ","M",27,2,"0,1",1,"0,0",956,0,3,22,1,2021
"627","27th","Taras Kačaraba","SLA","D",20,6,"0,3",1,"0,1",336,2,5,20,0,2021
"628","28th","Samuel Dancák","MBL","M",18,4,"0,2",1,"0,1",924,0,5,22,0,2021
"629","29th","Lamin Jawo","ZLN","F",28,6,"0,2",1,"0,0",546,4,3,55,15,2021
"630","30th","Maksym Talovjerov","CEB","D",26,5,"0,2",1,"0,0",447,4,2,40,2,2021
"631","31st","Šimon Gabriel","TEP","D",18,4,"0,2",1,"0,1",118,2,3,17,1,2021
"632","32nd","David Heidenreich","TEP","D",9,1,"0,1",1,"0,1",437,2,0,17,0,2021
"633","33rd","Martin Šejvl","PCE","D",25,2,"0,1",1,"0,0",1289,1,2,14,0,2021
"634","34th","Carlos Eduardo Lopes Cruz Cadu","PCE","M",29,6,"0,2",1,"0,0",574,4,3,35,3,2021
"635","35th","Lukáš Skovajsa","CEB","D",20,2,"0,1",1,"0,1",1007,1,2,28,4,2021
"636","36th","Abdallah Sima","SLA","F",21,5,"0,2",1,"0,0",670,2,4,37,4,2021
"637","37th","Christ Tiéhi","OPA","M",19,5,"0,3",1,"0,1",456,4,2,29,0,2021
"638","38th","Ruben Droehnle","TEP","D",10,2,"0,2",1,"0,1",257,1,2,12,0,2021
"639","39th","Tobiáš Slovák","ZLN","D",1,1,"1,0",1,"1,0",71,0,2,2,0,2021
"640","40th","Jan Fiala","OLO","F",2,2,"1,0",1,"0,5",85,0,3,3,0,2021
"641","41st","Pavel Zavadil","","M",8,2,"0,3",0,"0,0",390,0,2,4,0,2021
"642","42nd","Tomáš Hübschman","FKJ","M",29,2,"0,1",0,"0,0",857,0,2,16,0,2021
"643","43rd","Marek Matějovský","MBL","M",16,5,"0,3",0,"0,0",444,3,2,33,0,2021
"644","44th","Michal Papadopulos","KAR","F",31,7,"0,2",0,"0,0",677,2,5,53,17,2021
"645","45th","Pavel Černý","PCE","F",30,3,"0,1",0,"0,0",838,1,2,40,12,2021
"646","46th","Jan Rezek","","M",25,5,"0,2",0,"0,0",766,1,4,24,8,2021
"647","47th","Roman Hubník","OLO","D",26,6,"0,2",0,"0,0",634,3,3,31,0,2021
"648","48th","Václav Procházka","ZLN","D",30,7,"0,2",0,"0,0",441,2,5,52,2,2021
"649","49th","Milan Petržela","SLO","M",33,3,"0,1",0,"0,0",922,0,3,46,14,2021
"650","50th","Josef Jindřišek","BOH","M",21,2,"0,1",0,"0,0",1087,0,2,16,0,2021
"651","1st","Pavel Bucha","PLZ","M",31,2,"0,1",2,"0,1",1211,1,3,41,2,2022
"652","2nd","Roman Hubník","OLO","D",18,1,"0,1",1,"0,1",817,1,1,18,1,2022
"653","3rd","Václav Procházka","ZLN","D",30,9,"0,3",1,"0,0",622,3,7,32,0,2022
"654","4th","Radim Řezník","PLZ","D",24,4,"0,2",1,"0,0",551,1,4,24,3,2022
"655","5th","Lukáš Mareček","TEP","M",24,2,"0,1",1,"0,0",790,1,3,33,0,2022
"656","6th","Stanislav Hofmann","SLO","D",29,4,"0,1",1,"0,0",934,4,1,22,1,2022
"657","7th","Theodor Gebre Selassie","LIB","D",30,3,"0,1",1,"0,0",2113,1,3,15,0,2022
"658","8th","Luděk Pernica","PLZ","D",24,2,"0,1",1,"0,0",740,0,3,13,2,2022
"659","9th","Václav Pilař","FKJ","M",24,7,"0,3",1,"0,0",486,1,7,28,4,2022
"660","10th","Jakub Hora","CEB","M",28,8,"0,3",1,"0,0",976,3,6,35,0,2022
"661","11th","Petr Reinberk","SLO","D",31,4,"0,1",1,"0,0",1053,2,3,30,2,2022
"662","12th","Josef Divíšek","SLO","D",11,3,"0,3",1,"0,1",105,1,3,5,0,2022
"663","13th","Tomáš Malínský","FKJ","M",29,7,"0,2",1,"0,0",542,3,5,30,11,2022
"664","14th","Lukáš Štetina","LIB","D",11,5,"0,5",1,"0,1",254,3,3,15,0,2022
"665","15th","Jiří Skalák","MBL","M",26,1,"0,0",1,"0,0",598,0,2,15,3,2022
"666","16th","Petr Hronek","BOH","M",32,6,"0,2",1,"0,0",997,4,4,57,16,2022
"667","17th","Milan Havel","PLZ","D",31,5,"0,2",1,"0,0",1174,5,1,33,8,2022
"668","18th","Filip Kaša","PLZ","D",19,2,"0,1",1,"0,1",631,0,3,15,0,2022
"669","19th","Jhon Mosquera","PLZ","M",33,5,"0,2",1,"0,0",1074,2,4,52,17,2022
"670","20th","Filip Zorvan","KAR","M",14,1,"0,1",1,"0,1",815,0,2,11,2,2022
"671","21st","Otto Urma","HKR","D",13,5,"0,4",1,"0,1",246,1,5,18,1,2022
"672","22nd","Lukáš Bartošák","KAR","D",33,9,"0,3",1,"0,0",511,3,7,66,4,2022
"673","23rd","Petr Kodeš","HKR","M",29,12,"0,4",1,"0,0",593,7,6,50,0,2022
"674","24th","Jan Kuchta","SLA","F",16,2,"0,1",1,"0,1",691,1,2,8,6,2022
"675","25th","David Lischka","FCB","D",30,6,"0,2",1,"0,0",898,2,5,21,0,2022
"676","26th","Ladislav Krejčí","ACS","M",21,7,"0,3",1,"0,0",429,4,4,46,0,2022
"677","27th","Filip Havelka","LIB","M",24,3,"0,1",1,"0,0",835,3,1,27,1,2022
"678","28th","Vojtěch Smrž","MBL","M",26,5,"0,2",1,"0,0",377,5,1,19,0,2022
"679","29th","František Čech","HKR","D",21,7,"0,3",1,"0,0",579,4,4,32,0,2022
"680","30th","Srdjan Plavšič","SLA","M",24,1,"0,0",1,"0,0",567,0,2,11,5,2022
"681","31st","Rudolf Reiter","ZLN","M",22,1,"0,0",1,"0,0",426,0,2,8,7,2022
"682","32nd","Benjamin Čolić","CEB","D",25,3,"0,1",1,"0,0",776,1,3,25,0,2022
"683","33rd","Murphy Dorley Oscar","SLA","D",23,2,"0,1",1,"0,0",844,1,2,16,7,2022
"684","34th","Tomáš  Wiesner","ACS","D",33,2,"0,1",1,"0,0",2718,0,3,45,4,2022
"685","35th","Michal Surzyn","FKJ","D",23,5,"0,2",1,"0,0",510,0,6,28,1,2022
"686","36th","Filip  Čihák","PCE","D",27,4,"0,1",1,"0,0",702,4,1,21,1,2022
"687","37th","Tomáš Čvančara","ACS","F",29,6,"0,2",1,"0,0",251,3,4,44,6,2022
"688","38th","Martin Koscelník","","D",27,5,"0,2",1,"0,0",817,2,4,23,2,2022
"689","39th","Martin Chlumecký","FCB","D",23,8,"0,3",1,"0,0",662,2,7,30,1,2022
"690","40th","Nemanja Kuzmanovič","FCB","M",33,6,"0,2",1,"0,0",486,2,5,44,8,2022
"691","41st","Pavel Zifčák","OLO","F",26,1,"0,0",1,"0,0",1070,0,2,23,7,2022
"692","42nd","Vachtang Čanturišvili","ZLN","M",25,5,"0,2",1,"0,0",433,5,1,18,6,2022
"693","43rd","Pablo González","OLO","M",22,6,"0,3",1,"0,0",351,4,3,42,4,2022
"694","44th","Marco Túlio","KAR","M",24,3,"0,1",1,"0,0",944,2,2,18,2,2022
"695","45th","Jan Knapík","TEP","D",25,3,"0,1",1,"0,0",743,0,4,22,0,2022
"696","46th","Maksym Talovjerov","SLA","D",25,10,"0,4",1,"0,0",333,3,8,28,1,2022
"697","47th","Gigli Ndefe","FCB","D",33,8,"0,2",1,"0,0",1138,5,4,45,2,2022
"698","48th","Eduardo Santos","PLZ","D",27,4,"0,1",1,"0,0",755,3,2,36,0,2022
"699","49th","Daniel Mareček","BOH","M",17,2,"0,1",1,"0,1",159,2,1,12,0,2022
"700","50th","Rigino Cicilia","SLO","F",23,1,"0,0",1,"0,0",795,0,2,35,7,2022
"701","51st","Michal Tomič","SLO","D",29,2,"0,1",1,"0,0",427,0,3,14,1,2022
"702","52nd","Jan Jeřábek","PCE","M",29,10,"0,3",1,"0,0",461,5,6,37,2,2022
"703","53rd","Lukáš Skovajsa","CEB","D",17,1,"0,1",1,"0,1",1138,1,1,17,3,2022
"704","54th","Rajmund Mikuš","","M",20,2,"0,1",1,"0,1",544,1,2,19,1,2022
"705","55th","Christ Tiéhi","LIB","M",22,4,"0,2",1,"0,0",1298,4,1,26,0,2022
"706","56th","Robin Hranáč","PCE","D",10,0,"0,0",1,"0,1",571,1,0,7,0,2022
"707","57th","Ladislav Almási","FCB","F",32,4,"0,1",1,"0,0",1238,1,4,48,5,2022
"708","58th","Aiham Ousou","SLA","D",25,4,"0,2",1,"0,0",947,3,2,24,1,2022
"709","59th","Tomáš Hübschman","FKJ","M",25,2,"0,1",0,"0,0",1562,0,2,16,4,2022
"710","60th","Marek Matějovský","MBL","M",29,10,"0,3",0,"0,0",680,4,6,51,1,2022
"711","61st","Michal Papadopulos","KAR","F",31,5,"0,2",0,"0,0",628,4,1,22,9,2022
"712","62nd","Michal Kadlec","SLO","D",30,4,"0,1",0,"0,0",859,2,2,17,0,2022
"713","63rd","Pavel Černý","PCE","F",30,3,"0,1",0,"0,0",905,1,2,25,16,2022
"714","64th","Jan Rezek","","M",10,1,"0,1",0,"0,0",484,1,0,11,6,2022
"715","65th","Milan Petržela","SLO","M",30,4,"0,1",0,"0,0",645,2,2,45,4,2022
"716","66th","Josef Jindřišek","BOH","M",22,2,"0,1",0,"0,0",1040,1,1,16,0,2022
"717","67th","Petr Javorek","CEB","M",9,0,"0,0",0,"0,0",374,0,0,3,0,2022
"718","68th","Jakub Mareš","TEP","F",20,5,"0,3",0,"0,0",478,1,5,26,13,2022
"719","69th","Marek Suchý","MBL","D",33,5,"0,2",0,"0,0",992,1,4,45,1,2022
"720","70th","Ondřej Kúdela","SLA","D",13,2,"0,2",0,"0,0",610,2,0,9,0,2022
"721","71st","Martin Fillo","ZLN","D",26,2,"0,1",0,"0,0",429,0,2,28,1,2022
"722","72nd","Kamil Vacek","PCE","M",22,5,"0,2",0,"0,0",164,2,3,26,3,2022
"723","73rd","Jan Vošahlík","FKJ","M",1,0,"0,0",0,"0,0",59,0,0,1,0,2022
"724","74th","Michal Vepřek","OLO","D",19,1,"0,1",0,"0,0",802,0,1,2,0,2022
"725","75th","Adam Hloušek","ZLN","D",7,2,"0,3",0,"0,0",271,2,0,4,2,2022
"726","76th","Ondřej Mazuch","TEP","D",8,2,"0,3",0,"0,0",377,1,1,10,0,2022
"727","77th","Tomáš Necid","BOH","F",17,2,"0,1",0,"0,0",530,0,2,15,7,2022
"728","78th","Bořek Dočkal","","M",27,4,"0,1",0,"0,0",567,2,2,21,2,2022
"729","79th","Vít Beneš","OLO","D",24,1,"0,0",0,"0,0",1322,0,1,13,1,2022
"730","80th","David Bartek","BOH","D",28,1,"0,0",0,"0,0",991,0,2,9,8,2022
"731","81st","Milan Škoda","MBL","F",24,4,"0,2",0,"0,0",890,1,3,37,9,2022
"732","82nd","Admir Ljevakovič","","M",2,1,"0,5",0,"0,0",87,0,1,6,0,2022
"733","83rd","Jan Krob","FKJ","D",21,6,"0,3",0,"0,0",610,2,4,14,1,2022
"734","84th","Ondřej Čelůstka","ACS","D",8,1,"0,1",0,"0,0",471,1,0,11,0,2022
"735","85th","Jakub Rada","HKR","M",33,4,"0,1",0,"0,0",555,1,3,32,0,2022
"736","86th","Jan Kovařík","BOH","M",20,1,"0,1",0,"0,0",1117,0,2,11,2,2022
"737","87th","Jan Kalabiška","SLO","D",33,5,"0,2",0,"0,0",671,1,4,45,6,2022
"738","88th","Antonín Fantiš","ZLN","F",25,0,"0,0",0,"0,0",1543,0,0,23,3,2022
"739","89th","Martin Doležal","FKJ","F",17,2,"0,1",0,"0,0",697,0,2,19,1,2022
"740","90th","Tomáš Vondrášek","TEP","D",28,3,"0,1",0,"0,0",1053,1,3,23,1,2022
"741","91st","Václav Kadlec","FKJ","F",9,1,"0,1",0,"0,0",72,0,1,6,4,2022
"742","92nd","Michael Rabušic","LIB","F",29,2,"0,1",0,"0,0",727,1,1,28,7,2022
"743","93rd","Jan Chramosta","BOH","F",22,2,"0,1",0,"0,0",889,0,2,14,18,2022
"744","94th","Daniel Bartl","KAR","M",5,1,"0,2",0,"0,0",138,1,0,3,0,2022
"745","95th","Radim Breite","OLO","M",32,5,"0,2",0,"0,0",1643,3,2,48,0,2022
"746","96th","Jakub Brabec","PLZ","D",6,1,"0,2",0,"0,0",359,0,1,6,0,2022
"747","97th","Martin Nešpor","FKJ","F",11,1,"0,1",0,"0,0",142,0,1,4,3,2022
"748","98th","Jan Navrátil","OLO","M",25,3,"0,1",0,"0,0",314,0,3,32,2,2022
"749","99th","Jan Bořil","SLA","D",5,1,"0,2",0,"0,0",449,0,1,7,0,2022
"750","100th","Lukáš Hejda","PLZ","D",30,3,"0,1",0,"0,0",1298,0,3,39,0,2022
